username,first_name,last_name,email,section,github_id,role
DrDianeStephens,,,,,212649888,teacher
dianestephens,Diane,Stephens,,,47437776,student
Lakselrad,Lior,Akselrad,,,105981196,student
MaxBergeron,Max,Bergeron,,,208100240,student
TylerBrantley,Tyler,Brantley,,,208283632,student
XShachin,Shachin,Chakraborty,,,167737461,student
Tristian-D,Tristian,Deleon,,,210181562,student
ritadwivedi,Rita,Dwivedi,,,190202946,student
cadeellis16,Cade,Ellis,,,280180215,student
maxfinchh,Max,Finch,,,150868737,student
lwfisher,Luke,Fisher,,,156730386,student
bef15703,Brady,Foster,,,209960252,student
MarleighFreelon,Marleigh,Freelon,,,125805743,student
AyoBlu,Denis,Gashi,,,173624261,student
tag54003,Tyler,Gemmell,,,167572930,student
cdggEX,Cameron,Gillon,,,181293243,student
DylanYGlz27,Dylan,Gonzalez,,,248552225,student
mg38563,Marissa,Goodman,,,210105850,student
vg15006,Vilasini,Gunasekaran,,,172519607,student
aahilh,Aahil,Hasnain,,,175997665,student
DalasNH,Dalas,Holte,,,169770001,student
amyhuang190,Amy,Huang,,,131621087,student
priestibeziuga,Priest,Ibezi-Enendu,,,191040095,student
keira-inks,Keira,Inks,,,183444506,student
mahekjariya9,Mahek,Jariya,,,206121572,student
crasyabhi,Abhi,Kambhampaty,,,208415039,student
poojithakommineni1,Poojitha,Kommineni,,,209801557,student
YuvaanshM,Yuvaansh,Malhotra,,,209177362,student
Rybro63,Ryvath,Mattey,,,102387857,student
colinmcquiston77,Colin,McQuiston,,,229501339,student
Erick-Morote,Erick,Morote,,,245209986,student
beekie18,Tess,Newman,,,22414494,student
perxifier,Ethan,Njoroge,,,81430870,student
soneal2,Shane,O'Neal,,,168491447,student
noeloffer12,Noel,Offer,,,181910090,student
AnthonyP05,Anthony,Padilla,,,49537170,student
nikhilppatel27,Nikhil,Patel,,,152764006,student
jpatten04,Jake,Patten,,,58579533,student
AlekPenny,Aleksander,Penny,,,168767415,student
jeanperalta1,Jean,Peralta,,,237886943,student
RamenOnTop,Rafeek,Rabiu,,,190901390,student
arthurassuncaobr-droid,Arthur,Radosavljevic,,,260050510,student
DanielARifai,Danny,Rifai,,,189061183,student
bschryv1,Brandon,Schryver,,,122464304,student
danielshaji1,Daniel,Shaji,,,232939717,student
AyushS-23,Ayush,Singh,,,208528174,student
msmith0114,Myra,Smith,,,190399793,student
lukeHSn,Luke,Snyder,,,190132092,student
aidensonn,Aiden,Son,,,208518274,student
rctaylor8,Rosary,Taylor,,,280070398,student
deantindol,Dean,Tindol,,,161906549,student
ConnorjTork,Connor,Torkelson,,,144411803,student
AngelTUribe,Angel,Uribe,,,183524915,student
kiedtl,Elijah,Varghese,,,32681240,student
GingeyGameDev,Matthew,Vaughn,,,70867035,student
pranavivel,Pranavi,Veluguleti,,,85041422,student
devinwang32,Devin,Wang,,,231999731,student
JWCodeLabUGA,James,Whang,,,207775067,student
DeterioratingSanity,Wyatt,Wilson,,,95758153,student
rain-yenici,Yagmur (Rain),Yenici,,,158128169,student
gidz123,Gideon,Zemedhun,,,98624111,student
lunaaria108,Luna,,,,254966611,student
coo64362,Olive,,,,208977465,student
raymondDoan88,Raymond,Doan,,,185130373,student
aryanrvz,Aryan,Raj,,,143561743,student
exearthur,Arthur,Pacheco,,,126744512,student
mfk45204,Max,Kransfeld,,,190499677,student
aelamurugu2,Arjun,Elamurugu,,,56803751,student
kmtimb,Kavit,Timbadia,,,116775020,student
ryantornese,Ryan,Tornese,,,165537403,student
njh38040,Nicholas,Hansborough,,,248754489,student
omanwhatiscomputer,,,,,46564880,hta
liaoyanqing666,,,,,94890248,ta
LuccaReymar,Lucca,Reymar,,,153113724,student
nailahq123,Nailah,Quraishy,,,209271608,student
kunxiongzhu,Kunxiong,Zhu,kunxiong.zhu@outlook.com,,151120846,hta
anishbanda,Anish,Banda,,,130623364,student
allen681,Allen,Chang,,,190544073,student
asrithapallaki06,Asritha,Pallaki,,,321883534,student
jryu0519,Jaeson,Ryu,,,230228453,student
